level,image_number,method,double_counted,counted,runtime_seconds
easy,1,basic,25,311,2.183
easy,1,dynamic,0,300,5.463
easy,2,basic,18,308,2.156
easy,2,dynamic,4,304,6.469
easy,3,basic,18,310,2.114
easy,3,dynamic,0,300,6.299
easy,4,basic,25,317,2.667
easy,4,dynamic,0,299,6.707
easy,5,basic,24,313,2.16
easy,5,dynamic,0,300,4.773
easy,6,basic,22,315,2.136
easy,6,dynamic,0,301,5.137
easy,7,basic,29,316,2.648
easy,7,dynamic,0,299,6.129
easy,8,basic,12,307,3.383
easy,8,dynamic,0,300,4.959
easy,9,basic,25,313,3.208
easy,9,dynamic,0,298,7.186
easy,10,basic,22,312,3.153
easy,10,dynamic,0,300,5.899
medium,1,basic,26,292,6.974
medium,1,dynamic,1,266,9.699
medium,2,basic,17,287,5.243
medium,2,dynamic,1,269,7.724
medium,3,basic,20,291,5.211
medium,3,dynamic,1,265,8.811
medium,4,basic,27,292,5.293
medium,4,dynamic,2,265,8.04
medium,5,basic,22,290,5.153
medium,5,dynamic,3,263,11.385
medium,6,basic,35,301,6.119
medium,6,dynamic,5,279,9.937
medium,7,basic,21,284,6.985
medium,7,dynamic,0,256,10.961
medium,8,basic,32,280,5.677
medium,8,dynamic,2,245,10.442
medium,9,basic,26,284,4.641
medium,9,dynamic,3,263,8.791
medium,10,basic,27,304,6.665
medium,10,dynamic,2,271,7.867
hard,1,basic,30,294,5.513
hard,1,dynamic,9,272,10.217
hard,2,basic,16,267,6.168
hard,2,dynamic,3,251,8.158
hard,3,basic,10,254,6.549
hard,3,dynamic,4,253,8.377
hard,4,basic,24,276,6.026
hard,4,dynamic,1,259,8.44
hard,5,basic,22,291,5.409
hard,5,dynamic,2,259,9.138
hard,6,basic,19,289,5.411
hard,6,dynamic,3,270,9.287
hard,7,basic,24,292,6.09
hard,7,dynamic,0,267,9.386
hard,8,basic,21,295,7.616
hard,8,dynamic,1,264,7.865
hard,9,basic,27,287,6.226
hard,9,dynamic,8,268,9.147
hard,10,basic,19,276,5.955
hard,10,dynamic,5,261,8.919
impossible,1,basic,31,275,6.138
impossible,1,dynamic,2,235,9.027
impossible,2,basic,10,249,6.758
impossible,2,dynamic,5,243,8.785
impossible,3,basic,18,253,9.204
impossible,3,dynamic,4,230,9.221
impossible,4,basic,18,263,6.95
impossible,4,dynamic,10,240,9.612
impossible,5,basic,21,268,6.312
impossible,5,dynamic,2,250,8.368